,Name
0,KaiCenat
1,HasanAbi
2,zackrawrr
3,Nmplol
4,stableronaldo
5,xQc
6,Lacy
7,ironmouse
8,Quin69
9,plaqueboymax
10,jasontheween
11,mira
12,ExtraEmily
13,Jinnytty
14,Father_Jimmy_
15,Fanum
16,Zentreya
17,Agent00
18,sylveey
19,robcdee
20,MISTERARTHER
21,hitsquadgodfather
22,PaymoneyWubby
23,Silky
24,asianbunnyx
25,henyathegenius
26,cyr
27,MidnightSumo
28,Tectone
29,FeelsSunnyMan
30,vedal987
31,Nikolarn
32,kyootbot
33,MichiMochievee
34,CDawgVA
35,NoraExplorer
36,Atrioc
37,Central_Committee
38,Yogscast
39,Knut
40,jccaylen
41,filian
42,Nanowgaming
43,ibabyrainbow
44,Joe_Bartolozzi
45,Cinna
46,Im_Dontai
47,QTCinderella
48,itsKatchii
49,Arky
50,Sinder
51,JOEYKAOTYK
52,taysmcrr
53,Zoil
54,carolinekwan
55,Victoria
56,Mellooow_
57,lydiaviolet
58,OTKnetwork
59,Faith
60,LaynaLazar
61,chibidoki
62,NymN
63,Arrav
64,Dinah
65,Acie
66,mira004
67,LowTierGod
68,DeshaeFrost
69,Jabroni_Mike
70,claraatwork
71,Alinity
72,AustinShow
73,deme
74,Yugi2x
75,Arielle
76,sarahbridgewater
77,waterlynn
78,jakenbakeLIVE
79,hexy
80,Gigguk
81,Adapt
82,aircool
83,Elly
84,gremloe
85,TheStockGuy
86,fanfan
87,salmmus
88,Kenji
89,thesketchreal
90,Kitboga
91,Deansocool
92,SmugAlana
93,Akademiks
94,Mizkif247
95,nahyunworld
96,Sereda
97,Buffpup
98,PizzaPrincessG
99,MXC_365
100,GEEGA
101,Tray
102,nyanners
103,Mhyochi
104,Shibuya_Kaho
105,LootNova
106,CookSux
107,Kiaraakitty
108,officedrummer
109,bao
110,JERICHO
111,crazyjapanese
112,Maya
113,billzo
114,Berticuss
115,hello_kiko
116,nihmune
117,BotezLive
118,meat
119,Sweet_Anita
120,akaNemsko
121,StudyTme
122,PeeguuTV
123,Yoshimyan
124,Blueryai
125,Pezzzy
126,CottontailVA
127,camila
128,cerberVT
129,CodeMiko
130,TheMajorityReport
131,whatever
132,Lyasyaa
133,MakoFukasame
134,Bebahan
135,PoliceChaseNetwork
136,KanekoLumi
137,tbvnks
138,Quackity
139,sashagrey
140,LordAethelstan
141,EliteFilm
142,Denims
143,froggyhoppins
144,Kirsche
145,gracelyra
146,classictroyus
147,Almighty_Tevin
148,CONEY
149,sennyk4
